{
  "app\\layout.tsx": 1776425794.6198,
  "app\\page.tsx": 1776408010.4683626,
  "app\\(app)\\layout.tsx": 1776022526.4216957,
  "app\\(app)\\admin\\companies\\page.tsx": 1776425073.55454,
  "app\\(app)\\admin\\profiles\\page.tsx": 1775653426.12588,
  "app\\(app)\\admin\\roles\\page.tsx": 1775653592.681372,
  "app\\(app)\\admin\\users\\page.tsx": 1775653900.7462487,
  "app\\(app)\\customers\\page.tsx": 1776425073.5578673,
  "app\\(app)\\dashboard\\page.tsx": 1776443596.9103084,
  "app\\(app)\\dispatch\\page.tsx": 1776425073.5568655,
  "app\\(app)\\dispatch\\delivery-note\\page.tsx": 1776425073.5578673,
  "app\\(app)\\dispatch\\entry\\page.tsx": 1776425073.5568655,
  "app\\(app)\\goods-receipt\\page.tsx": 1775652559.347458,
  "app\\(app)\\goods-receipt\\receive\\page.tsx": 1776425073.5514705,
  "app\\(app)\\hr\\layout.tsx": 1776337510.556865,
  "app\\(app)\\hr\\page.tsx": 1776425073.5568655,
  "app\\(app)\\hr\\attendance\\page.tsx": 1776752716.4256804,
  "app\\(app)\\hr\\attendance\\create\\page.tsx": 1776757428.1341062,
  "app\\(app)\\hr\\employees\\page.tsx": 1776425073.5578673,
  "app\\(app)\\hr\\employees\\new\\page.tsx": 1776425073.5578673,
  "app\\(app)\\hr\\employees\\[id]\\page.tsx": 1776425073.5568655,
  "app\\(app)\\hr\\reports\\attendance\\page.tsx": 1776410138.0707173,
  "app\\(app)\\hr\\reports\\attendance\\builder\\page.tsx": 1776410142.4104023,
  "app\\(app)\\hr\\schedule\\page.tsx": 1776692156.425317,
  "app\\(app)\\hr\\schedule\\[workDate]\\page.tsx": 1776688901.8822036,
  "app\\(app)\\hr\\settings\\document-types\\page.tsx": 1776425073.55454,
  "app\\(app)\\hr\\settings\\employee-types\\page.tsx": 1776425073.55454,
  "app\\(app)\\hr\\settings\\expertises\\page.tsx": 1776425073.555709,
  "app\\(app)\\jobs\\page.tsx": 1776425073.5535424,
  "app\\(app)\\jobs\\form\\page.tsx": 1776683699.2024875,
  "app\\(app)\\jobs\\[id]\\page.tsx": 1776425073.5514705,
  "app\\(app)\\jobs\\[id]\\consumption-costing\\page.tsx": 1775722290.5334795,
  "app\\(app)\\materials\\page.tsx": 1775671635.468059,
  "app\\(app)\\materials\\dispatch\\page.tsx": 1775652559.5461767,
  "app\\(app)\\materials\\dispatch-history\\page.tsx": 1775652559.624148,
  "app\\(app)\\materials\\[id]\\page.tsx": 1776425073.555709,
  "app\\(app)\\me\\layout.tsx": 1776408954.7696288,
  "app\\(app)\\me\\page.tsx": 1776425073.5578673,
  "app\\(app)\\me\\attendance\\page.tsx": 1776408279.3298767,
  "app\\(app)\\me\\profile\\page.tsx": 1776408273.7582371,
  "app\\(app)\\profile\\page.tsx": 1776750458.5421774,
  "app\\(app)\\reports\\job-consumption\\page.tsx": 1775652560.2619903,
  "app\\(app)\\settings\\page.tsx": 1776455966.8142307,
  "app\\(app)\\settings\\media\\page.tsx": 1776425073.555709,
  "app\\(app)\\suppliers\\page.tsx": 1776022526.4131782,
  "app\\(auth)\\login\\page.tsx": 1776707990.1183088,
  "app\\(auth)\\select-company\\page.tsx": 1775654362.3330834,
  "app\\(auth)\\select-profile\\page.tsx": 1775652560.4523165,
  "app\\api\\auth\\[...nextauth]\\route.ts": 1776425073.5568655,
  "app\\api\\categories\\route.ts": 1775647261.2720366,
  "app\\api\\categories\\[id]\\route.ts": 1775671730.5684133,
  "app\\api\\companies\\route.ts": 1776425073.555709,
  "app\\api\\companies\\[id]\\route.ts": 1776520582.507022,
  "app\\api\\company-profiles\\route.ts": 1775483017.8522334,
  "app\\api\\customers\\route.ts": 1776347495.5127747,
  "app\\api\\customers\\sync\\route.ts": 1776022526.4002216,
  "app\\api\\customers\\[id]\\route.ts": 1776347501.0264375,
  "app\\api\\customers\\[id]\\check-delete\\route.ts": 1776022526.4313202,
  "app\\api\\delivery-notes\\next-number\\route.ts": 1775740171.7819455,
  "app\\api\\hr\\attendance\\route.ts": 1776756772.3346074,
  "app\\api\\hr\\attendance\\bulk-upsert\\route.ts": 1776689674.5553205,
  "app\\api\\hr\\attendance\\monthly-report\\route.ts": 1776339292.4029887,
  "app\\api\\hr\\attendance\\overview\\route.ts": 1776425073.555709,
  "app\\api\\hr\\attendance\\[id]\\route.ts": 1776689674.6667418,
  "app\\api\\hr\\document-types\\route.ts": 1776425073.5514705,
  "app\\api\\hr\\document-types\\[id]\\route.ts": 1776425073.555709,
  "app\\api\\hr\\documents\\expiring\\route.ts": 1776425073.5514705,
  "app\\api\\hr\\documents\\[id]\\route.ts": 1776425073.555709,
  "app\\api\\hr\\documents\\[id]\\upload-file\\route.ts": 1776434893.671047,
  "app\\api\\hr\\employee-type-settings\\route.ts": 1776689615.7705572,
  "app\\api\\hr\\employees\\route.ts": 1776689674.7737594,
  "app\\api\\hr\\employees\\[id]\\route.ts": 1776429756.5838199,
  "app\\api\\hr\\employees\\[id]\\documents\\route.ts": 1776425073.555709,
  "app\\api\\hr\\employees\\[id]\\portal-link\\route.ts": 1776425073.55454,
  "app\\api\\hr\\employees\\[id]\\upload-photo\\route.ts": 1776434893.6700463,
  "app\\api\\hr\\employees\\[id]\\visa-periods\\route.ts": 1776425073.555709,
  "app\\api\\hr\\expertises\\route.ts": 1776425073.5568655,
  "app\\api\\hr\\expertises\\[id]\\route.ts": 1776425073.55454,
  "app\\api\\hr\\schedule\\route.ts": 1776684603.095831,
  "app\\api\\hr\\schedule\\[id]\\route.ts": 1776684608.8296926,
  "app\\api\\hr\\schedule\\[id]\\absences\\route.ts": 1776607352.9875848,
  "app\\api\\hr\\schedule\\[id]\\assignments\\route.ts": 1776684613.1663263,
  "app\\api\\hr\\schedule\\[id]\\driver-logs\\route.ts": 1776607358.8645153,
  "app\\api\\hr\\schedule\\[id]\\generate-attendance\\route.ts": 1776607348.702478,
  "app\\api\\hr\\schedule\\[id]\\import-csv\\route.ts": 1776425073.5524702,
  "app\\api\\hr\\schedule\\[id]\\import-xlsx\\route.ts": 1776425073.5514705,
  "app\\api\\hr\\schedule\\[id]\\lock\\route.ts": 1776607343.5367198,
  "app\\api\\hr\\schedule\\[id]\\publish\\route.ts": 1776607338.7075448,
  "app\\api\\hr\\visa-periods\\[id]\\route.ts": 1776425073.555709,
  "app\\api\\integrations\\jobs\\upsert\\route.ts": 1776425073.55454,
  "app\\api\\jobs\\route.ts": 1776425073.5524702,
  "app\\api\\jobs\\[id]\\route.ts": 1776425073.555709,
  "app\\api\\jobs\\[id]\\check-delete\\route.ts": 1775647169.7898908,
  "app\\api\\jobs\\[id]\\consumption-costing\\route.ts": 1775719976.6648877,
  "app\\api\\jobs\\[id]\\materials\\route.ts": 1775647183.8951385,
  "app\\api\\materials\\route.ts": 1776425073.5524702,
  "app\\api\\materials\\bulk\\route.ts": 1775671755.9950542,
  "app\\api\\materials\\cross-company\\route.ts": 1776425073.55454,
  "app\\api\\materials\\dispatch-history\\route.ts": 1775646690.0988917,
  "app\\api\\materials\\dispatch-history-entries\\route.ts": 1776425073.5568655,
  "app\\api\\materials\\logs\\route.ts": 1775646573.2996025,
  "app\\api\\materials\\price-logs\\route.ts": 1775646589.6754003,
  "app\\api\\materials\\receipt-history-entries\\route.ts": 1775663215.5150127,
  "app\\api\\materials\\receipt-history-entries\\[receiptNumber]\\route.ts": 1775646949.0663712,
  "app\\api\\materials\\[id]\\route.ts": 1776425073.55454,
  "app\\api\\materials\\[id]\\check-delete\\route.ts": 1775646608.723413,
  "app\\api\\materials\\[id]\\logs\\route.ts": 1775646580.8541968,
  "app\\api\\materials\\[id]\\price-logs\\route.ts": 1775646601.3608322,
  "app\\api\\materials\\[id]\\uoms\\route.ts": 1776425073.5524702,
  "app\\api\\materials\\[id]\\uoms\\[uomId]\\route.ts": 1776425073.555709,
  "app\\api\\me\\attendance\\route.ts": 1776425073.55454,
  "app\\api\\me\\employee\\route.ts": 1776425073.555709,
  "app\\api\\me\\schedule\\route.ts": 1776425073.55454,
  "app\\api\\media\\route.ts": 1776425073.5568655,
  "app\\api\\media\\cleanup\\route.ts": 1776433031.6492054,
  "app\\api\\media\\drive\\[id]\\route.ts": 1776433977.0295725,
  "app\\api\\media\\[id]\\route.ts": 1776433031.7089365,
  "app\\api\\reports\\consumption\\route.ts": 1775647370.584921,
  "app\\api\\reports\\job-consumption\\route.ts": 1775647383.585621,
  "app\\api\\reports\\stock-valuation\\route.ts": 1775647360.5142303,
  "app\\api\\roles\\route.ts": 1775648179.4298851,
  "app\\api\\roles\\[id]\\route.ts": 1775648192.8430538,
  "app\\api\\session\\switch-company\\route.ts": 1775648785.3106713,